cond1,cond2
35.2149145,37.75842017
32.47484393,32.88507622
35.3859189,35.63516529
34.47972067,36.72550623
35.36874569,38.38204663
39.38647235,36.42868827
38.12406267,36.94437941
37.59050209,33.33425127
35.8188777,42.42212398
33.30201991,40.87810079
33.18692212,36.35630963
35.88420959,39.11577962
37.18127964,36.36210095
37.01013874,36.1820204
32.6310099,37.85490889
36.52098506,33.93978911
36.51299948,39.21197545
37.23521661,45.21758828
41.33243822,37.04922888
31.83028899,33.87006661
